the	1
be	2
to	3
of	4
and	5
a	6
in	7
that	8
have	9
i	10
it	11
for	12
not	13
on	14
with	15
he	16
as	17
you	18
do	19
at	20
this	21
but	22
his	23
by	24
from	25
they	26
we	27
say	28
her	29
she	30
or	31
an	32
will	33
my	34
one	35
all	36
would	37
there	38
their	39
what	40
so	41
up	42
out	43
if	44
about	45
who	46
get	47
which	48
go	49
me	50
when	51
make	52
can	53
like	54
time	55
no	56
just	57
him	58
know	59
take	60
people	61
into	62
year	63
your	64
good	65
some	66
could	67
them	68
see	69
other	70
than	71
then	72
now	73
look	74
only	75
come	76
its	77
over	78
think	79
also	80
back	81
after	82
use	83
two	84
how	85
our	86
work	87
first	88
well	89
way	90
even	91
new	92
want	93
because	94
any	95
these	96
give	97
day	98
most	99
us	100
hello	101
help	102
held	103
head	104
heart	105
happy	106
home	107
house	108
hope	109
hour	110
hold	111
high	112
hand	113
how	114
however	115
hot	116
hotel	117
huge	118
human	119
hundred	120
hungry	121
hunt	122
hurry	123
hurt	124
husband	125
hi	126
history	127
hit	128
hobby	129
hole	130
holiday	131
holy	132
honest	133
honey	134
honor	135
hook	136
hop	137
horn	138
horrible	139
horror	140
horse	141
hose	142
hospital	143
host	144
hostile	145
hover	146
hug	147
humble	148
humid	149
hunger	150
hush	151
hut	152
hybrid	153
hydrogen	154
hygiene	155
hymn	156
hyphen	157
hypnotic	158
hypocrisy	159
hypodermic	160
hypothesis	161
hypothetical	162
hysteria	163
hysterical	164
ice	165
idea	166
ideal	167
identify	168
identity	169
ignore	170
ill	171
illegal	172
image	173
imagine	174
immediate	175
impact	176
important	177
impossible	178
improve	179
include	180
income	181
increase	182
indeed	183
independent	184
indicate	185
individual	186
industry	187
infect	188
infinite	189
inflation	190
influence	191
inform	192
information	193
injury	194
inner	195
innocent	196
inquiry	197
inside	198
insight	199
insist	200
inspect	201
inspire	202
install	203
instance	204
instant	205
instead	206
institute	207
instruct	208
instrument	209
insult	210
insurance	211
insure	212
intact	213
intellect	214
intelligence	215
intend	216
intense	217
intent	218
interest	219
internal	220
international	221
interpret	222
interrupt	223
interval	224
interview	225
into	226
introduce	227
introduction	228
intuition	229
invade	230
invalid	231
invaluable	232
invasion	233
invent	234
invention	235
inverse	236
invert	237
invest	238
investigate	239
investment	240
invisible	241
invite	242
invoice	243
invoke	244
involve	245
iron	246
irony	247
island	248
isolate	249
issue	250
it	251
item	252
its	253
itself	254
ivory	255
ivy	256
